{
  "providers": {
    "awscloudformation": {
      "AuthRoleName": "amplify-amplifyapp-dev-91202-authRole",
      "UnauthRoleArn": "arn:aws:iam::794942393233:role/amplify-amplifyapp-dev-91202-unauthRole",
      "AuthRoleArn": "arn:aws:iam::794942393233:role/amplify-amplifyapp-dev-91202-authRole",
      "Region": "us-east-1",
      "DeploymentBucketName": "amplify-amplifyapp-dev-91202-deployment",
      "UnauthRoleName": "amplify-amplifyapp-dev-91202-unauthRole",
      "StackName": "amplify-amplifyapp-dev-91202",
      "StackId": "arn:aws:cloudformation:us-east-1:794942393233:stack/amplify-amplifyapp-dev-91202/7f9a70a0-f915-11ec-89ee-12b81bf531ad",
      "AmplifyAppId": "d2xqjsh6ppdbo3"
    }
  }
}